abramskyethelandharry:abramsky-ethel-and-harry;
abramskyhall,abramsky:abramsky-hall;
abramskyhouse:abramsky-house;
accommodationlistingservice:accommodation-listing-service;
actonlouised:acton-louise-d;
adaptivetechnologycentre:adaptive-technology-centre;
adelaidehall,adelaide,addie,addy:adelaide-hall;
advancementoffice:advancement-office;
aesculapiansociety:aesculapian-society;
agnesbenidicksonfield:agnes-benidickson-field;
agnesetheringtonartcentre,theagnes,agnesetherington,agnes:agnes-etherington-art-centre;
alfies,alfys:alfies;
allenwilliam:allen-william;
almamatersocietyams,ams,almamatersociety:alma-mater-society-ams;
alumnaeassociation:alumnae-association;
alumniassociationquaa,quaa:alumni-association-quaa;
alumnirelationsdepartment:alumni-relations-department;
alumnireviewmagazine,alumnireview:alumni-review-magazine;
alumniweekend:alumni-weekend;
anclachan:clachan;
anaesthesiologyandperioperativemedicinedepartment:anaesthesiology-and-perioperative-medicine-department;
anatomyandcellbiologydepartment:anatomy-and-cell-biology-department;
andersonjohn:anderson-john;
arboretum:arboretum;
archstreet,arch:arch-street;
archives:archives;
artdepartment,art:art-department;
artsandsciencefaculty,artsci,artsandscience:arts-and-science-faculty;
artsandscienceundergraduatesocietyasus,artsandscienceundergraduatesociety,asus:arts-and-science-undergraduate-society-asus;
athleticsandrecreation:athletics-and-recreation;
athleticsandrecreationcentrearc,arc,thearc,athleticsandrecreationcentre:athletics-and-recreation-centre-arc;
