cameroncolangus:cameron-col-angus;
campbellrevpetercolin:campbell-rev-peter-colin;
campusbookstore,bookstore:campus-bookstore;
cancerresearchinstitute:cancer-research-institute;
candlelightingceremony:candlelighting-ceremony;
canterburycentre:canterbury-centre;
capponjames:cappon-james;
carruthershall,carruthers:carruthers-hall;
carruthersjohnb:carruthers-john-b;
cataraquibuilding,cataraqui:cataraqui-building;
cataraquicemetery:cataraqui-cemetery;
ceilidh:ceilidh;
centralheatingplant:central-heating-plant;
centres:centres;
cfrcfmradio,cfrc:cfrc-fm-radio;
chagheill:cha-gheill;
chancellors:chancellors;
chaplain:chaplain;
chemicalengineeringdepartment,chemicalengineering:chemical-engineering-department;
chemistrydepartment,chemistry:chemistry-department;
chernofffamily:chernoff-family;
chernoffhall,chernoff:chernoff-hall;
chisholmrobinmanning:chisholm-robin-manning;
chowngeorgeyoung:chown-george-young;
chownhall,chown:chown-hall;
chownmay:chown-may;
civilengineeringdepartment:civil-engineering-department;
clarkarthurlewis:clark-arthur-lewis;
clarkhall,clark:clark-hall;
clarkhallpub:clark-hall-pub;
clarkwilliamclifford:clark-william-clifford;
classicsdepartment,classics:classics-department;
coatarms:coat-arms;
coddalfredevelyn:codd-alfred-evelyn;
codeconduct:code-conduct;
colbornestreet:colborne-street;
collegestreet:college-street;
colourawardscolournight:colour-awardscolour-night;
coloursuniversity:colours-university;
commercialbankmidlanddistrict:commercial-bank-midland-district;
commongroundcoffeehouse,commonground,cogro:common-ground-coffeehouse;
communityhealthandepidemiologydepartment:community-health-and-epidemiology-department;
computingqueensschool,computing:computing-queens-school;
connellfamilies:connell-families;
continuinganddistancestudies:continuing-and-distance-studies;
convocationhall:convocation-hall;
convocations:convocations;
cookrevjohn:cook-rev-john;
correctionallawproject:correctional-law-project;
corryjamesalexander:corry-james-alexander;
craineagnesdouglas:craine-agnes-douglas;
crainebuilding,craine:craine-building;
crosbiejohncarnell:crosbie-john-carnell;
curtisguy:curtis-guy;
