lasallebuilding,lasalle:lasalle-building;
lavertyrevdrmarshall:laverty-rev-dr-marshall;
lawfaculty,law:law-faculty;
lecainehugh:lecaine-hugh;
ledermanwilliamralph:lederman-william-ralph;
leechjames:leech-james;
leggetthall,leggett:leggett-hall;
leggettwilliamclaude:leggett-william-claude;
leitchrevwilliam:leitch-rev-william;
leonardhall,leonard:leonard-hall;
leonardreubenwells:leonard-reuben-wells;
levanasociety:levana-society;
libraries:libraries;
liddellrevthomas:liddell-rev-thomas;
lightwalter:light-walter;
limestone:limestone;
litchfieldjohnpalmer:litchfield-john-palmer;
logoqueens:logo-queens;
lougheedpeter:lougheed-peter;
louisedactonbuilding,louisedacton:louise-d-acton-building;
lowerarthurreginaldmarsden:lower-arthur-reginald-marsden;
lowercampus:lower-campus;
