paediatricsdepartment:paediatrics-department;
parteqinnovationspartnershipandinnovation:parteq-innovations-partnership-and-innovation;
pathologydepartment:pathology-department;
performingartsoffice:performing-arts-office;
pharmacologyandtoxicologydepartment:pharmacology-and-toxicology-department;
philosophydepartment,philosophy,phil:philosophy-department;
physicalandhealtheducationcentre:physical-and-health-education-centre;
physicalmedicinerehabilitationdepartment:physical-medicine-rehabilitation-department;
physicsdepartment,physics,phys,badmath:physics-department;
phytotron:phytotron;
piercealfie:pierce-alfie;
policystudiesschool,policystudies:policy-studies-school;
politicalstudiesdepartment,politicalstudies:political-studies-department;
pollockharoldstockwell:pollock-harold-stockwell;
presbyterianchurch:presbyterian-church;
presbyterianchurchschism:presbyterian-church-schism;
princesstowers:princess-towers;
principals:principals;
professor%E2%80%99swalk:professor%E2%80%99s-walk;
psychiatrydepartment:psychiatry-department;
psychologydepartment,psychology,psych:psychology-department;
